,Unnamed: 0,vendorid,tpep_pickup_datetime,tpep_dropoff_datetime,passenger_count,trip_distance,ratecodeid,store_and_fwd_flag,pulocationid,dolocationid,payment_type,fare_amount,extra,mta_tax,tip_amount,tolls_amount,improvement_surcharge,total_amount,Time Series_ist,Duration
0,500,1,2018-12-31 23:54:51,2019-01-01 00:08:55,1,5.7,1,N,132,205,2,18.0,0.5,0.5,0.0,0.0,0.3,19.3,2019-01-01 05:38:55+05:30,14
1,501,1,2018-12-31 23:54:50,2019-01-01 00:22:43,1,6.1,1,N,264,264,2,23.0,0.5,0.5,0.0,0.0,0.3,24.3,2019-01-01 05:52:43+05:30,27
2,502,1,2018-12-31 23:54:49,2019-01-01 00:02:09,1,0.8,1,N,107,107,2,6.5,0.5,0.5,0.0,0.0,0.3,7.8,2019-01-01 05:32:09+05:30,7
3,503,1,2018-12-31 23:54:49,2019-01-01 00:38:42,1,17.7,2,N,132,90,2,52.0,0.0,0.5,0.0,5.76,0.3,58.56,2019-01-01 06:08:42+05:30,43
4,504,2,2018-12-31 23:54:49,2019-01-01 00:09:40,1,2.56,1,N,237,170,2,11.5,0.5,0.5,0.0,0.0,0.3,12.8,2019-01-01 05:39:40+05:30,14
5,505,1,2018-12-31 23:54:48,2019-01-01 00:06:54,1,1.2,1,N,137,186,1,9.5,0.5,0.5,1.0,0.0,0.3,11.8,2019-01-01 05:36:54+05:30,12
6,506,1,2018-12-31 23:54:47,2019-01-01 00:03:52,4,1.0,1,N,158,114,1,7.5,0.5,0.5,1.75,0.0,0.3,10.55,2019-01-01 05:33:52+05:30,9
7,507,1,2018-12-31 23:54:47,2019-01-01 00:20:18,1,6.8,1,N,48,87,1,23.0,0.5,0.5,1.0,0.0,0.3,25.3,2019-01-01 05:50:18+05:30,25
8,508,2,2018-12-31 23:54:43,2019-01-01 00:14:01,1,5.81,1,N,161,88,2,20.0,0.5,0.5,0.0,0.0,0.3,21.3,2019-01-01 05:44:01+05:30,19
9,509,1,2018-12-31 23:54:43,2019-01-01 00:26:05,1,17.8,2,N,132,148,1,52.0,0.0,0.5,15.8,0.0,0.3,68.6,2019-01-01 05:56:05+05:30,31
10,510,1,2018-12-31 23:54:42,2019-01-01 00:12:05,2,4.9,1,N,144,263,1,16.5,0.5,0.5,3.55,0.0,0.3,21.35,2019-01-01 05:42:05+05:30,17
11,511,2,2018-12-31 23:54:40,2019-01-01 00:20:19,1,7.32,1,N,211,24,2,25.0,0.5,0.5,0.0,0.0,0.3,26.3,2019-01-01 05:50:19+05:30,25
12,512,2,2018-12-31 23:54:39,2018-12-31 23:59:45,5,1.23,1,N,141,170,1,6.0,0.5,0.5,1.1,0.0,0.3,8.4,2019-01-01 05:29:45+05:30,5
13,513,1,2018-12-31 23:54:38,2019-01-01 00:07:18,1,1.8,1,N,68,246,2,10.0,0.5,0.5,0.0,0.0,0.3,11.3,2019-01-01 05:37:18+05:30,12
14,514,1,2018-12-31 23:54:37,2018-12-31 23:59:44,1,0.5,1,N,144,114,2,5.0,0.5,0.5,0.0,0.0,0.3,6.3,2019-01-01 05:29:44+05:30,5
15,515,2,2018-12-31 23:54:36,2019-01-01 00:02:09,1,1.28,1,N,226,226,1,7.5,0.5,0.5,1.76,0.0,0.3,10.56,2019-01-01 05:32:09+05:30,7
16,516,2,2018-12-31 23:54:35,2018-12-31 23:58:11,1,1.01,1,N,237,236,1,5.0,0.5,0.5,1.58,0.0,0.3,7.88,2019-01-01 05:28:11+05:30,3
17,517,2,2018-12-31 23:54:35,2018-12-31 23:57:39,1,0.74,1,N,48,50,2,4.5,0.5,0.5,0.0,0.0,0.3,5.8,2019-01-01 05:27:39+05:30,3
18,518,2,2018-12-31 23:54:35,2018-12-31 23:57:59,2,0.78,1,N,238,24,2,5.0,0.5,0.5,0.0,0.0,0.3,6.3,2019-01-01 05:27:59+05:30,3
19,519,1,2018-12-31 23:54:35,2019-01-01 00:09:29,1,4.4,1,N,161,7,1,15.0,0.5,0.5,4.85,0.0,0.3,21.15,2019-01-01 05:39:29+05:30,14
20,520,2,2018-12-31 23:54:34,2018-12-31 23:56:49,3,0.38,1,N,142,142,1,3.5,0.5,0.5,1.44,0.0,0.3,6.24,2019-01-01 05:26:49+05:30,2
21,521,2,2018-12-31 23:54:32,2018-12-31 23:58:32,1,0.87,1,N,231,125,1,5.0,0.5,0.5,1.58,0.0,0.3,7.88,2019-01-01 05:28:32+05:30,4
22,522,1,2018-12-31 23:54:32,2018-12-31 23:59:57,2,0.6,1,N,79,114,1,5.5,0.5,0.5,1.0,0.0,0.3,7.8,2019-01-01 05:29:57+05:30,5
23,523,2,2018-12-31 23:54:31,2019-01-01 00:02:33,2,1.89,1,N,237,239,2,8.0,0.5,0.5,0.0,0.0,0.3,9.3,2019-01-01 05:32:33+05:30,8
24,524,2,2018-12-31 23:54:29,2018-12-31 23:56:18,1,0.4,1,N,262,262,2,3.5,0.5,0.5,0.0,0.0,0.3,4.8,2019-01-01 05:26:18+05:30,1
25,525,2,2018-12-31 23:54:28,2019-01-01 00:03:36,1,1.68,1,N,238,236,2,8.5,0.5,0.5,0.0,0.0,0.3,9.8,2019-01-01 05:33:36+05:30,9
26,526,1,2018-12-31 23:54:28,2018-12-31 23:55:47,2,0.4,1,N,236,236,1,3.5,0.5,0.5,0.95,0.0,0.3,5.75,2019-01-01 05:25:47+05:30,1
27,527,1,2018-12-31 23:54:27,2019-01-01 00:03:52,1,1.5,1,N,142,161,2,8.0,0.5,0.5,0.0,0.0,0.3,9.3,2019-01-01 05:33:52+05:30,9
28,528,1,2018-12-31 23:54:27,2019-01-01 00:03:02,1,0.3,1,N,234,170,1,6.5,0.5,0.5,1.17,0.0,0.3,8.97,2019-01-01 05:33:02+05:30,8
29,529,2,2018-12-31 23:54:25,2019-01-01 00:03:14,1,3.66,1,N,79,88,1,12.0,0.5,0.5,2.66,0.0,0.3,15.96,2019-01-01 05:33:14+05:30,8
30,530,2,2018-12-31 23:54:24,2018-12-31 23:58:13,2,0.71,1,N,142,239,2,5.0,0.5,0.5,0.0,0.0,0.3,6.3,2019-01-01 05:28:13+05:30,3
31,531,2,2018-12-31 23:54:23,2019-01-01 00:10:35,5,8.15,1,N,132,135,1,23.5,0.5,0.5,4.96,0.0,0.3,29.76,2019-01-01 05:40:35+05:30,16
32,532,2,2018-12-31 23:54:23,2019-01-01 00:07:45,1,6.57,4,N,132,265,1,21.5,0.5,0.5,5.7,0.0,0.3,28.5,2019-01-01 05:37:45+05:30,13
33,533,2,2018-12-31 23:54:22,2019-01-01 00:09:37,1,3.0,1,N,239,75,2,13.0,0.5,0.5,0.0,0.0,0.3,14.3,2019-01-01 05:39:37+05:30,15
34,534,2,2018-12-31 23:54:22,2018-12-31 23:58:45,1,0.83,1,N,244,244,2,5.5,0.5,0.5,0.0,0.0,0.3,6.8,2019-01-01 05:28:45+05:30,4
35,535,1,2018-12-31 23:54:21,2018-12-31 23:57:38,1,0.0,1,N,186,68,2,4.0,0.5,0.5,0.0,0.0,0.3,5.3,2019-01-01 05:27:38+05:30,3
36,536,2,2018-12-31 23:54:19,2018-12-31 23:54:34,5,0.0,5,N,265,265,1,52.0,0.0,0.0,10.46,0.0,0.3,62.76,2019-01-01 05:24:34+05:30,0
37,537,2,2018-12-31 23:54:18,2019-01-01 00:24:00,2,20.23,5,N,138,265,1,100.0,0.0,0.5,21.31,5.76,0.3,127.87,2019-01-01 05:54:00+05:30,29
38,538,2,2018-12-31 23:54:18,2019-01-01 00:11:17,5,2.28,1,N,148,209,2,12.5,0.5,0.5,0.0,0.0,0.3,13.8,2019-01-01 05:41:17+05:30,16
39,539,2,2018-12-31 23:54:17,2018-12-31 23:58:05,1,0.32,1,N,142,48,1,4.5,0.5,0.5,5.0,0.0,0.3,10.8,2019-01-01 05:28:05+05:30,3
40,540,2,2018-12-31 23:54:16,2018-12-31 23:58:32,1,0.92,1,N,239,142,2,5.5,0.5,0.5,0.0,0.0,0.3,6.8,2019-01-01 05:28:32+05:30,4
41,541,2,2018-12-31 23:54:16,2019-01-01 00:02:07,1,1.23,1,N,113,113,1,7.0,0.5,0.5,1.66,0.0,0.3,9.96,2019-01-01 05:32:07+05:30,7
42,542,2,2018-12-31 23:54:14,2019-01-01 00:03:14,1,1.65,1,N,236,238,1,8.5,0.5,0.5,1.96,0.0,0.3,11.76,2019-01-01 05:33:14+05:30,9
43,543,2,2018-12-31 23:54:13,2019-01-01 00:27:01,5,11.76,1,N,132,188,1,35.5,0.5,0.5,7.36,0.0,0.3,44.16,2019-01-01 05:57:01+05:30,32
44,544,2,2018-12-31 23:54:12,2018-12-31 23:55:04,1,0.25,1,N,142,143,2,3.0,0.5,0.5,0.0,0.0,0.3,4.3,2019-01-01 05:25:04+05:30,0
45,545,1,2018-12-31 23:54:09,2019-01-01 00:07:27,2,0.9,1,N,148,114,1,9.5,0.5,0.5,50.0,0.0,0.3,60.8,2019-01-01 05:37:27+05:30,13
46,546,1,2018-12-31 23:54:08,2018-12-31 23:58:38,2,0.4,1,N,264,264,2,5.0,0.5,0.5,0.0,0.0,0.3,6.3,2019-01-01 05:28:38+05:30,4
47,547,4,2018-12-31 23:54:07,2019-01-01 00:01:30,1,0.79,1,N,170,90,1,6.5,0.5,0.5,1.56,0.0,0.3,9.36,2019-01-01 05:31:30+05:30,7
48,548,1,2018-12-31 23:54:05,2019-01-01 00:02:22,2,1.3,1,N,142,237,2,8.0,0.5,0.5,0.0,0.0,0.3,9.3,2019-01-01 05:32:22+05:30,8
49,549,2,2018-12-31 23:54:05,2019-01-01 00:03:36,6,1.82,1,N,231,90,1,8.5,0.5,0.5,1.96,0.0,0.3,11.76,2019-01-01 05:33:36+05:30,9
50,550,2,2018-12-31 23:54:05,2018-12-31 23:58:26,1,1.0,1,N,140,263,2,5.5,0.5,0.5,0.0,0.0,0.3,6.8,2019-01-01 05:28:26+05:30,4
51,551,2,2018-12-31 23:54:04,2019-01-01 00:02:05,1,0.86,1,N,113,234,2,6.5,0.5,0.5,0.0,0.0,0.3,7.8,2019-01-01 05:32:05+05:30,8
52,552,1,2018-12-31 23:54:03,2019-01-01 00:21:11,1,3.4,1,N,48,148,1,18.0,0.5,0.5,3.85,0.0,0.3,23.15,2019-01-01 05:51:11+05:30,27
53,553,2,2018-12-31 23:54:02,2019-01-01 00:17:34,1,4.3,1,N,244,74,2,18.0,0.5,0.5,0.0,0.0,0.3,19.3,2019-01-01 05:47:34+05:30,23
54,554,1,2018-12-31 23:54:00,2018-12-31 23:56:19,0,0.7,1,N,74,75,2,4.0,0.5,0.5,0.0,0.0,0.3,5.3,2019-01-01 05:26:19+05:30,2
55,555,1,2018-12-31 23:54:00,2019-01-01 00:01:20,0,0.9,1,N,129,173,2,6.5,0.5,0.5,0.0,0.0,0.3,7.8,2019-01-01 05:31:20+05:30,7
56,556,2,2018-12-31 23:53:59,2019-01-01 23:34:21,1,1.13,1,N,234,246,1,14.5,0.5,0.5,0.0,0.0,0.3,15.8,2019-01-02 05:04:21+05:30,1420
57,557,2,2018-12-31 23:53:59,2018-12-31 23:57:55,6,1.18,1,N,151,166,2,6.0,0.5,0.5,0.0,0.0,0.3,7.3,2019-01-01 05:27:55+05:30,3
58,558,1,2018-12-31 23:53:59,2019-01-01 00:16:36,2,3.3,1,N,264,264,1,16.5,0.5,0.5,2.2,0.0,0.3,20.0,2019-01-01 05:46:36+05:30,22
59,559,2,2018-12-31 23:53:58,2019-01-01 00:08:08,1,2.38,1,N,68,148,1,11.5,0.5,0.5,3.84,0.0,0.3,16.64,2019-01-01 05:38:08+05:30,14
60,560,2,2018-12-31 23:53:58,2019-01-01 00:19:39,1,4.6,1,N,79,262,1,19.0,0.5,0.5,4.06,0.0,0.3,24.36,2019-01-01 05:49:39+05:30,25
61,561,2,2018-12-31 23:53:56,2018-12-31 23:57:44,1,0.4,1,N,261,87,2,4.5,0.5,0.5,0.0,0.0,0.3,5.8,2019-01-01 05:27:44+05:30,3
62,562,1,2018-12-31 23:53:56,2019-01-01 00:34:15,4,23.8,1,N,138,265,2,62.5,0.5,0.5,0.0,16.26,0.3,80.06,2019-01-01 06:04:15+05:30,40
63,563,2,2018-12-31 23:53:56,2019-01-01 00:07:57,1,3.21,1,N,161,74,2,13.0,0.5,0.5,0.0,0.0,0.3,14.3,2019-01-01 05:37:57+05:30,14
64,564,1,2018-12-31 23:53:55,2019-01-01 00:29:48,1,5.1,1,N,186,24,1,25.0,0.5,0.5,0.0,0.0,0.3,26.3,2019-01-01 05:59:48+05:30,35
65,565,2,2018-12-31 23:53:52,2019-01-01 00:03:36,5,2.33,1,N,233,140,2,9.5,0.5,0.5,0.0,0.0,0.3,10.8,2019-01-01 05:33:36+05:30,9
66,566,2,2018-12-31 23:53:51,2019-01-01 00:03:24,1,2.5,1,N,246,234,1,10.0,0.5,0.5,2.26,0.0,0.3,13.56,2019-01-01 05:33:24+05:30,9
67,567,2,2018-12-31 23:53:49,2019-01-01 00:00:56,1,0.78,1,N,79,79,1,6.0,0.5,0.5,1.46,0.0,0.3,8.76,2019-01-01 05:30:56+05:30,7
68,568,2,2018-12-31 23:53:47,2019-01-01 00:01:03,5,1.06,1,N,231,148,1,6.5,0.5,0.5,1.56,0.0,0.3,9.36,2019-01-01 05:31:03+05:30,7
69,569,1,2018-12-31 23:53:46,2019-01-01 00:06:03,1,3.0,1,N,48,238,2,12.0,0.5,0.5,0.0,0.0,0.3,13.3,2019-01-01 05:36:03+05:30,12
70,570,1,2018-12-31 23:53:44,2019-01-01 00:15:35,1,9.3,1,N,144,42,2,28.0,0.5,0.5,0.0,0.0,0.3,29.3,2019-01-01 05:45:35+05:30,21
71,571,2,2018-12-31 23:53:44,2019-01-01 00:02:08,1,1.15,1,N,68,249,1,7.0,0.5,0.5,0.0,0.0,0.3,8.3,2019-01-01 05:32:08+05:30,8
72,572,2,2018-12-31 23:53:44,2018-12-31 23:55:08,1,0.42,1,N,239,142,1,3.5,0.5,0.5,0.96,0.0,0.3,5.76,2019-01-01 05:25:08+05:30,1
73,573,1,2018-12-31 23:53:43,2019-01-01 00:05:40,2,2.8,1,N,79,66,1,12.0,0.5,0.5,2.65,0.0,0.3,15.95,2019-01-01 05:35:40+05:30,11
74,574,2,2018-12-31 23:53:42,2019-01-01 00:12:21,2,2.21,1,N,142,142,1,13.0,0.5,0.5,3.58,0.0,0.3,17.88,2019-01-01 05:42:21+05:30,18
75,575,1,2018-12-31 23:53:40,2019-01-01 00:15:40,2,2.4,1,N,186,163,1,14.5,0.5,0.5,0.0,0.0,0.3,15.8,2019-01-01 05:45:40+05:30,22
76,576,1,2018-12-31 23:53:40,2018-12-31 23:59:26,2,1.1,1,N,263,239,1,6.5,0.5,0.5,1.2,0.0,0.3,9.0,2019-01-01 05:29:26+05:30,5
77,577,1,2018-12-31 23:53:40,2019-01-01 00:03:07,1,2.5,1,N,239,152,2,10.0,0.5,0.5,0.0,0.0,0.3,11.3,2019-01-01 05:33:07+05:30,9
78,578,2,2018-12-31 23:53:39,2019-01-01 00:20:42,1,17.72,2,N,132,79,1,52.0,0.0,0.5,11.71,5.76,0.3,70.27,2019-01-01 05:50:42+05:30,27
79,579,1,2018-12-31 23:53:38,2019-01-01 00:00:20,1,0.4,1,N,68,158,2,5.5,0.5,0.5,0.0,0.0,0.3,6.8,2019-01-01 05:30:20+05:30,6
80,580,1,2018-12-31 23:53:38,2019-01-01 00:13:02,1,4.0,1,N,228,97,2,16.5,0.5,0.5,0.0,0.0,0.3,17.8,2019-01-01 05:43:02+05:30,19
81,581,2,2018-12-31 23:53:36,2019-01-01 00:08:41,1,1.71,1,N,113,137,1,10.5,0.5,0.5,0.0,0.0,0.3,11.8,2019-01-01 05:38:41+05:30,15
82,582,2,2018-12-31 23:53:33,2019-01-01 00:05:17,5,2.82,1,N,151,237,2,11.0,0.5,0.5,0.0,0.0,0.3,12.3,2019-01-01 05:35:17+05:30,11
83,583,1,2018-12-31 23:53:31,2019-01-01 00:24:57,1,8.8,1,N,142,56,2,30.0,0.5,0.5,0.0,0.0,0.3,31.3,2019-01-01 05:54:57+05:30,31
84,584,1,2018-12-31 23:53:29,2018-12-31 23:58:16,2,1.5,1,N,79,233,1,6.5,0.5,0.5,1.0,0.0,0.3,8.8,2019-01-01 05:28:16+05:30,4
85,585,2,2018-12-31 23:53:26,2019-01-01 00:09:56,1,6.53,1,N,211,228,1,19.5,0.5,0.5,5.2,0.0,0.3,26.0,2019-01-01 05:39:56+05:30,16
86,586,2,2018-12-31 23:53:26,2019-01-01 00:00:42,3,1.86,1,N,236,237,2,8.0,0.5,0.5,0.0,0.0,0.3,9.3,2019-01-01 05:30:42+05:30,7
87,587,2,2018-12-31 23:53:25,2018-12-31 23:53:38,1,0.0,2,N,238,238,1,52.0,0.0,0.5,11.71,5.76,0.3,70.27,2019-01-01 05:23:38+05:30,0
88,588,2,2018-12-31 23:53:25,2019-01-01 00:07:22,1,1.94,1,N,161,107,1,10.5,0.5,0.5,2.36,0.0,0.3,14.16,2019-01-01 05:37:22+05:30,13
89,589,1,2018-12-31 23:53:25,2019-01-01 00:25:36,3,20.8,4,N,138,265,2,75.5,0.5,0.5,0.0,5.76,0.3,82.56,2019-01-01 05:55:36+05:30,32
90,590,2,2018-12-31 23:53:24,2018-12-31 23:55:53,5,0.46,1,N,239,239,2,4.0,0.5,0.5,0.0,0.0,0.3,5.3,2019-01-01 05:25:53+05:30,2
91,591,1,2018-12-31 23:53:23,2019-01-01 00:07:37,1,1.6,1,N,164,68,2,10.0,0.5,0.5,0.0,0.0,0.3,11.3,2019-01-01 05:37:37+05:30,14
92,592,1,2018-12-31 23:53:23,2018-12-31 23:59:15,1,2.1,1,N,236,74,2,8.0,0.5,0.5,0.0,0.0,0.3,9.3,2019-01-01 05:29:15+05:30,5
93,593,2,2018-12-31 23:53:22,2019-01-01 00:16:38,5,8.91,1,N,239,33,1,26.5,0.5,0.5,8.34,0.0,0.3,36.14,2019-01-01 05:46:38+05:30,23
94,594,1,2018-12-31 23:53:22,2018-12-31 23:56:15,1,0.5,1,N,144,79,1,4.0,0.5,0.5,3.0,0.0,0.3,8.3,2019-01-01 05:26:15+05:30,2
95,595,1,2018-12-31 23:53:21,2018-12-31 23:55:05,1,0.3,1,N,7,7,2,3.5,0.5,0.5,0.0,0.0,0.3,4.8,2019-01-01 05:25:05+05:30,1
96,596,2,2018-12-31 23:53:20,2018-12-31 23:58:28,1,0.9,1,N,234,79,1,5.5,0.5,0.5,1.36,0.0,0.3,8.16,2019-01-01 05:28:28+05:30,5
97,597,1,2018-12-31 23:53:19,2019-01-01 00:35:52,1,8.8,1,N,170,257,1,33.5,0.5,0.5,6.95,0.0,0.3,41.75,2019-01-01 06:05:52+05:30,42
98,598,2,2018-12-31 23:53:19,2018-12-31 23:59:19,1,1.27,1,N,7,179,2,6.5,0.5,0.5,0.0,0.0,0.3,7.8,2019-01-01 05:29:19+05:30,6
99,599,1,2018-12-31 23:53:18,2018-12-31 23:59:49,2,1.1,1,N,68,246,2,6.5,0.5,0.5,0.0,0.0,0.3,7.8,2019-01-01 05:29:49+05:30,6
100,600,1,2018-12-31 23:53:18,2019-01-01 00:11:23,1,4.8,1,N,48,42,4,17.0,0.5,0.5,0.0,0.0,0.3,18.3,2019-01-01 05:41:23+05:30,18
101,601,2,2018-12-31 23:53:17,2019-01-01 00:04:24,1,2.01,1,N,79,162,2,9.5,0.5,0.5,0.0,0.0,0.3,10.8,2019-01-01 05:34:24+05:30,11
102,602,1,2018-12-31 23:53:17,2018-12-31 23:55:45,1,0.4,1,N,107,107,1,4.0,0.5,0.5,0.0,0.0,0.3,5.3,2019-01-01 05:25:45+05:30,2
103,603,1,2018-12-31 23:53:16,2019-01-01 00:24:48,1,19.1,2,N,132,236,3,52.0,0.0,0.5,0.0,5.76,0.3,58.56,2019-01-01 05:54:48+05:30,31
104,604,1,2018-12-31 23:53:15,2019-01-01 00:06:12,3,1.2,1,N,107,170,1,9.5,0.5,0.5,0.0,0.0,0.3,10.8,2019-01-01 05:36:12+05:30,12
105,605,2,2018-12-31 23:53:15,2019-01-01 00:08:27,2,1.51,1,N,186,50,1,10.5,0.5,0.5,0.0,0.0,0.3,11.8,2019-01-01 05:38:27+05:30,15
106,606,2,2018-12-31 23:53:15,2019-01-01 00:00:10,1,1.45,1,N,196,56,2,7.0,0.5,0.5,0.0,0.0,0.3,8.3,2019-01-01 05:30:10+05:30,6
107,607,2,2018-12-31 23:53:14,2019-01-01 00:02:59,1,3.11,1,N,142,152,2,11.0,0.5,0.5,0.0,0.0,0.3,12.3,2019-01-01 05:32:59+05:30,9
108,608,2,2018-12-31 23:53:14,2019-01-01 00:04:20,2,0.49,1,N,161,164,1,8.0,0.5,0.5,1.4,0.0,0.3,10.7,2019-01-01 05:34:20+05:30,11
109,609,1,2018-12-31 23:53:09,2019-01-01 00:08:20,1,2.3,1,N,161,140,1,11.5,0.5,0.5,3.2,0.0,0.3,16.0,2019-01-01 05:38:20+05:30,15
110,610,2,2018-12-31 23:53:09,2019-01-01 00:00:27,1,0.52,1,N,234,107,1,5.0,0.5,0.5,1.89,0.0,0.3,8.19,2019-01-01 05:30:27+05:30,7
111,611,2,2018-12-31 23:53:07,2018-12-31 23:56:15,1,0.82,1,N,236,263,2,4.5,0.5,0.5,0.0,0.0,0.3,5.8,2019-01-01 05:26:15+05:30,3
112,612,2,2018-12-31 23:53:06,2018-12-31 23:54:31,1,0.4,1,N,162,162,1,3.5,0.5,0.5,0.96,0.0,0.3,5.76,2019-01-01 05:24:31+05:30,1
113,613,2,2018-12-31 23:53:05,2019-01-01 00:11:05,5,2.75,1,N,142,137,1,13.5,0.5,0.5,1.8,0.0,0.3,16.6,2019-01-01 05:41:05+05:30,18
114,614,1,2018-12-31 23:53:04,2018-12-31 23:57:08,2,0.4,1,N,236,237,2,4.5,0.5,0.5,0.0,0.0,0.3,5.8,2019-01-01 05:27:08+05:30,4
115,615,1,2018-12-31 23:53:04,2019-01-01 00:26:26,1,12.4,1,N,132,189,2,37.0,0.5,0.5,0.0,0.0,0.3,38.3,2019-01-01 05:56:26+05:30,33
116,616,2,2018-12-31 23:53:02,2019-01-01 00:00:57,2,1.66,1,N,239,151,1,8.0,0.5,0.5,1.86,0.0,0.3,11.16,2019-01-01 05:30:57+05:30,7
117,617,2,2018-12-31 23:53:01,2018-12-31 23:54:52,1,0.47,1,N,116,116,2,4.0,0.5,0.5,0.0,0.0,0.3,5.3,2019-01-01 05:24:52+05:30,1
118,618,1,2018-12-31 23:53:01,2019-01-01 00:25:48,4,23.4,1,N,132,220,1,62.0,0.5,0.5,10.36,5.76,0.3,79.42,2019-01-01 05:55:48+05:30,32
119,619,2,2018-12-31 23:53:01,2018-12-31 23:57:28,2,0.52,1,N,90,234,2,5.0,0.5,0.5,0.0,0.0,0.3,6.3,2019-01-01 05:27:28+05:30,4
120,620,2,2018-12-31 23:52:58,2018-12-31 23:59:26,5,1.11,1,N,234,79,1,6.5,0.5,0.5,1.56,0.0,0.3,9.36,2019-01-01 05:29:26+05:30,6
121,621,2,2018-12-31 23:52:58,2019-01-01 00:04:33,2,2.4,1,N,237,170,1,10.0,0.5,0.5,2.26,0.0,0.3,13.56,2019-01-01 05:34:33+05:30,11
122,622,2,2018-12-31 23:52:58,2018-12-31 23:55:45,1,0.57,1,N,141,43,1,4.0,0.5,0.5,0.5,0.0,0.3,5.8,2019-01-01 05:25:45+05:30,2
123,623,2,2018-12-31 23:52:57,2019-01-01 00:01:15,2,2.76,1,N,141,74,2,10.0,0.5,0.5,0.0,0.0,0.3,11.3,2019-01-01 05:31:15+05:30,8
124,624,1,2018-12-31 23:52:57,2018-12-31 23:57:03,1,0.4,1,N,163,161,2,4.5,0.5,0.5,0.0,0.0,0.3,5.8,2019-01-01 05:27:03+05:30,4
125,625,1,2018-12-31 23:52:56,2018-12-31 23:55:21,1,0.6,1,N,141,141,1,4.0,0.5,0.5,2.0,0.0,0.3,7.3,2019-01-01 05:25:21+05:30,2
126,626,2,2018-12-31 23:52:55,2019-01-01 00:23:30,1,21.08,1,N,132,14,1,56.0,0.5,0.5,11.46,0.0,0.3,68.76,2019-01-01 05:53:30+05:30,30
127,627,2,2018-12-31 23:52:55,2018-12-31 23:58:13,1,1.32,1,N,74,75,2,6.0,0.5,0.5,0.0,0.0,0.3,7.3,2019-01-01 05:28:13+05:30,5
128,628,2,2018-12-31 23:52:54,2018-12-31 23:55:22,2,0.65,1,N,79,107,2,4.0,0.5,0.5,0.0,0.0,0.3,5.3,2019-01-01 05:25:22+05:30,2
129,629,1,2018-12-31 23:52:54,2018-12-31 23:56:13,1,0.6,1,N,141,237,1,4.5,0.5,0.5,2.0,0.0,0.3,7.8,2019-01-01 05:26:13+05:30,3
130,630,1,2018-12-31 23:52:54,2019-01-01 00:05:33,1,4.6,1,N,107,75,2,14.5,0.5,0.5,0.0,0.0,0.3,15.8,2019-01-01 05:35:33+05:30,12
131,631,2,2018-12-31 23:52:52,2019-01-01 00:23:45,1,7.02,1,N,151,114,1,26.0,0.5,0.5,4.5,0.0,0.3,31.8,2019-01-01 05:53:45+05:30,30
132,632,1,2018-12-31 23:52:51,2019-01-01 00:09:21,1,4.3,1,N,263,147,2,15.5,0.5,0.5,0.0,0.0,0.3,16.8,2019-01-01 05:39:21+05:30,16
133,633,2,2018-12-31 23:52:51,2018-12-31 23:59:36,2,0.95,1,N,263,237,1,6.5,0.5,0.5,1.17,0.0,0.3,8.97,2019-01-01 05:29:36+05:30,6
134,634,2,2018-12-31 23:52:49,2019-01-01 00:16:13,1,9.59,1,N,132,198,1,28.0,0.5,0.5,7.32,0.0,0.3,36.62,2019-01-01 05:46:13+05:30,23
135,635,2,2018-12-31 23:52:48,2019-01-01 00:22:02,5,4.74,1,N,233,236,2,20.5,0.5,0.5,0.0,0.0,0.3,21.8,2019-01-01 05:52:02+05:30,29
136,636,1,2018-12-31 23:52:48,2019-01-01 00:05:37,2,2.5,1,N,79,87,1,11.0,0.5,0.5,2.45,0.0,0.3,14.75,2019-01-01 05:35:37+05:30,12
137,637,2,2018-12-31 23:52:47,2018-12-31 23:59:31,5,1.3,1,N,142,237,2,7.0,0.5,0.5,0.0,0.0,0.3,8.3,2019-01-01 05:29:31+05:30,6
138,638,1,2018-12-31 23:52:47,2019-01-01 00:04:19,1,1.0,1,N,137,186,1,8.5,0.5,0.5,2.0,0.0,0.3,11.8,2019-01-01 05:34:19+05:30,11
139,639,1,2018-12-31 23:52:46,2019-01-01 00:26:13,2,20.1,1,N,132,26,1,55.0,0.5,0.5,3.7,0.0,0.3,60.0,2019-01-01 05:56:13+05:30,33
140,640,1,2018-12-31 23:52:45,2019-01-01 00:03:15,1,1.2,1,N,234,246,1,8.0,0.5,0.5,10.0,0.0,0.3,19.3,2019-01-01 05:33:15+05:30,10
141,641,1,2018-12-31 23:52:45,2019-01-01 00:07:43,1,1.2,1,N,113,234,2,10.0,0.5,0.5,0.0,0.0,0.3,11.3,2019-01-01 05:37:43+05:30,14
142,642,2,2018-12-31 23:52:43,2018-12-31 23:54:39,3,0.67,1,N,79,4,2,4.0,0.5,0.5,0.0,0.0,0.3,5.3,2019-01-01 05:24:39+05:30,1
143,643,2,2018-12-31 23:52:43,2018-12-31 23:56:34,1,1.18,1,N,75,74,2,5.5,0.5,0.5,0.0,0.0,0.3,6.8,2019-01-01 05:26:34+05:30,3
144,644,1,2018-12-31 23:52:43,2018-12-31 23:56:05,1,0.6,1,N,233,137,2,4.5,0.5,0.5,0.0,0.0,0.3,5.8,2019-01-01 05:26:05+05:30,3
145,645,2,2018-12-31 23:52:41,2019-01-01 23:41:00,1,0.95,1,N,163,161,2,8.0,0.5,0.5,0.0,0.0,0.3,9.3,2019-01-02 05:11:00+05:30,1428
146,646,1,2018-12-31 23:52:40,2018-12-31 23:55:17,1,1.0,1,N,107,170,1,5.0,0.5,0.5,1.85,0.0,0.3,8.15,2019-01-01 05:25:17+05:30,2
147,647,2,2018-12-31 23:52:39,2019-01-01 00:05:45,1,1.91,1,N,170,68,1,10.0,0.5,0.5,3.39,0.0,0.3,14.69,2019-01-01 05:35:45+05:30,13
148,648,2,2018-12-31 23:52:38,2019-01-01 00:04:32,5,4.46,1,N,148,261,1,15.0,0.5,0.5,3.8,0.0,0.3,20.1,2019-01-01 05:34:32+05:30,11
149,649,2,2018-12-31 23:52:37,2019-01-01 00:00:24,1,2.2,1,N,263,74,2,8.5,0.5,0.5,0.0,0.0,0.3,9.8,2019-01-01 05:30:24+05:30,7
150,650,2,2018-12-31 23:52:36,2019-01-01 00:08:04,3,2.79,1,N,48,141,1,12.5,0.5,0.5,2.76,0.0,0.3,16.56,2019-01-01 05:38:04+05:30,15
151,651,2,2018-12-31 23:52:35,2019-01-01 00:03:08,1,0.96,1,N,170,186,1,8.0,0.5,0.5,2.32,0.0,0.3,11.62,2019-01-01 05:33:08+05:30,10
152,652,2,2018-12-31 23:52:34,2019-01-01 00:08:19,1,2.75,1,N,50,140,1,12.5,0.5,0.5,2.76,0.0,0.3,16.56,2019-01-01 05:38:19+05:30,15
153,653,2,2018-12-31 23:52:33,2019-01-01 00:16:47,1,6.56,1,N,43,157,2,22.5,0.5,0.5,0.0,0.0,0.3,23.8,2019-01-01 05:46:47+05:30,24
154,654,2,2018-12-31 23:52:32,2019-01-01 00:18:41,1,14.02,1,N,138,186,1,40.0,0.5,0.5,9.41,5.76,0.3,56.47,2019-01-01 05:48:41+05:30,26
155,655,2,2018-12-31 23:52:32,2018-12-31 23:54:41,1,0.46,1,N,152,166,2,4.0,0.5,0.5,0.0,0.0,0.3,5.3,2019-01-01 05:24:41+05:30,2
156,656,1,2018-12-31 23:52:29,2019-01-01 00:19:51,1,4.4,1,N,148,163,1,19.5,0.5,0.5,2.5,0.0,0.3,23.3,2019-01-01 05:49:51+05:30,27
157,657,1,2018-12-31 23:52:28,2019-01-01 00:19:33,1,16.4,4,N,138,265,1,49.0,0.5,0.5,10.05,0.0,0.3,60.35,2019-01-01 05:49:33+05:30,27
158,658,2,2018-12-31 23:52:27,2019-01-01 00:06:21,1,2.73,1,N,74,237,2,11.5,0.5,0.5,0.0,0.0,0.3,12.8,2019-01-01 05:36:21+05:30,13
159,659,2,2018-12-31 23:52:26,2019-01-01 00:05:41,6,2.41,1,N,142,262,1,11.5,0.5,0.5,2.56,0.0,0.3,15.36,2019-01-01 05:35:41+05:30,13
160,660,2,2018-12-31 23:52:25,2019-01-01 00:02:21,1,0.64,1,N,142,48,2,7.0,0.5,0.5,0.0,0.0,0.3,8.3,2019-01-01 05:32:21+05:30,9
161,661,2,2018-12-31 23:52:23,2018-12-31 23:54:50,1,0.41,1,N,262,140,1,4.0,0.5,0.5,1.06,0.0,0.3,6.36,2019-01-01 05:24:50+05:30,2
162,662,2,2018-12-31 23:52:23,2019-01-01 00:04:44,1,4.32,1,N,263,224,1,14.5,0.5,0.5,3.16,0.0,0.3,18.96,2019-01-01 05:34:44+05:30,12
163,663,1,2018-12-31 23:52:22,2018-12-31 23:59:04,2,0.7,1,N,162,161,1,6.0,0.5,0.5,1.45,0.0,0.3,8.75,2019-01-01 05:29:04+05:30,6
164,664,1,2018-12-31 23:52:21,2018-12-31 23:55:03,1,0.2,1,N,246,48,2,3.5,0.5,0.5,0.0,0.0,0.3,4.8,2019-01-01 05:25:03+05:30,2
165,665,1,2018-12-31 23:52:21,2019-01-01 00:00:11,1,1.7,1,N,237,239,2,7.5,0.5,0.5,0.0,0.0,0.3,8.8,2019-01-01 05:30:11+05:30,7
166,666,1,2018-12-31 23:52:20,2018-12-31 23:55:14,1,1.0,1,N,186,249,1,4.5,0.5,0.5,1.0,0.0,0.3,6.8,2019-01-01 05:25:14+05:30,2
167,667,2,2018-12-31 23:52:20,2018-12-31 23:59:45,1,1.77,1,N,262,238,2,8.0,0.5,0.5,0.0,0.0,0.3,9.3,2019-01-01 05:29:45+05:30,7
168,668,1,2018-12-31 23:52:19,2019-01-01 00:10:24,0,4.2,1,N,50,263,1,16.0,0.5,0.5,4.3,0.0,0.3,21.6,2019-01-01 05:40:24+05:30,18
169,669,2,2018-12-31 23:52:18,2019-01-01 00:04:03,1,3.1,1,N,166,263,1,12.0,0.5,0.5,2.66,0.0,0.3,15.96,2019-01-01 05:34:03+05:30,11
170,670,1,2018-12-31 23:52:18,2019-01-01 00:17:25,1,8.8,1,N,249,227,1,27.5,0.5,0.5,0.0,0.0,0.3,28.8,2019-01-01 05:47:25+05:30,25
171,671,1,2018-12-31 23:52:18,2019-01-01 00:16:32,1,4.6,1,N,209,144,1,19.5,0.5,0.5,4.15,0.0,0.3,24.95,2019-01-01 05:46:32+05:30,24
172,672,2,2018-12-31 23:52:17,2019-01-01 00:05:11,1,5.18,1,N,79,263,2,16.5,0.5,0.5,0.0,0.0,0.3,17.8,2019-01-01 05:35:11+05:30,12
173,673,1,2018-12-31 23:52:16,2019-01-01 00:00:12,1,1.5,1,N,79,234,2,7.0,0.5,0.5,0.0,0.0,0.3,8.3,2019-01-01 05:30:12+05:30,7
174,674,1,2018-12-31 23:52:15,2018-12-31 23:56:03,1,0.5,1,N,229,162,1,4.5,0.5,0.5,0.58,0.0,0.3,6.38,2019-01-01 05:26:03+05:30,3
175,675,2,2018-12-31 23:52:15,2019-01-01 00:11:21,1,9.17,1,N,138,164,2,27.0,0.5,0.5,0.0,5.76,0.3,34.06,2019-01-01 05:41:21+05:30,19
176,676,1,2018-12-31 23:52:12,2019-01-01 00:30:15,2,2.3,1,N,164,48,1,22.0,0.5,0.5,4.65,0.0,0.3,27.95,2019-01-01 06:00:15+05:30,38
177,677,1,2018-12-31 23:52:12,2018-12-31 23:54:58,1,0.6,1,N,41,166,2,4.5,0.5,0.5,0.0,0.0,0.3,5.8,2019-01-01 05:24:58+05:30,2
178,678,2,2018-12-31 23:52:11,2019-01-01 00:09:32,6,1.93,1,N,186,163,2,12.0,0.5,0.5,0.0,0.0,0.3,13.3,2019-01-01 05:39:32+05:30,17
179,679,1,2018-12-31 23:52:09,2018-12-31 23:59:12,0,1.6,1,N,142,162,1,7.5,0.5,0.5,5.0,0.0,0.3,13.8,2019-01-01 05:29:12+05:30,7
180,680,2,2018-12-31 23:52:09,2019-01-01 00:00:18,1,1.05,1,N,79,148,2,7.0,0.5,0.5,0.0,0.0,0.3,8.3,2019-01-01 05:30:18+05:30,8
181,681,2,2018-12-31 23:52:07,2019-01-01 00:05:21,1,2.12,1,N,158,164,1,10.5,0.5,0.5,1.77,0.0,0.3,13.57,2019-01-01 05:35:21+05:30,13
182,682,2,2018-12-31 23:52:07,2019-01-01 00:04:53,1,6.23,1,N,48,244,1,18.5,0.5,0.5,3.96,0.0,0.3,23.76,2019-01-01 05:34:53+05:30,12
183,683,2,2018-12-31 23:52:07,2019-01-01 00:06:20,1,1.41,1,N,79,249,1,10.0,0.5,0.5,2.82,0.0,0.3,14.12,2019-01-01 05:36:20+05:30,14
184,684,2,2018-12-31 23:52:05,2018-12-31 23:57:53,2,1.66,1,N,146,179,2,7.0,0.5,0.5,0.0,0.0,0.3,8.3,2019-01-01 05:27:53+05:30,5
185,685,2,2018-12-31 23:52:04,2019-01-01 00:19:42,2,16.06,2,N,132,186,1,52.0,0.0,0.5,11.71,5.76,0.3,70.27,2019-01-01 05:49:42+05:30,27
186,686,2,2018-12-31 23:52:04,2018-12-31 23:53:03,4,0.32,1,N,75,263,2,3.0,0.5,0.5,0.0,0.0,0.3,4.3,2019-01-01 05:23:03+05:30,0
187,687,2,2018-12-31 23:52:03,2019-01-01 00:10:54,1,3.51,1,N,161,125,1,15.0,0.5,0.5,1.0,0.0,0.3,17.3,2019-01-01 05:40:54+05:30,18
188,688,2,2018-12-31 23:52:02,2019-01-01 00:02:42,5,1.47,1,N,170,162,2,8.5,0.5,0.5,0.0,0.0,0.3,9.8,2019-01-01 05:32:42+05:30,10
189,689,2,2018-12-31 23:52:02,2019-01-01 00:02:50,1,2.35,1,N,69,20,2,9.5,0.5,0.5,0.0,0.0,0.3,10.8,2019-01-01 05:32:50+05:30,10
190,690,2,2018-12-31 23:52:02,2018-12-31 23:53:56,1,0.32,1,N,255,255,2,3.5,0.5,0.5,0.0,0.0,0.3,4.8,2019-01-01 05:23:56+05:30,1
191,691,1,2018-12-31 23:52:01,2018-12-31 23:56:41,2,0.7,1,N,264,264,2,5.0,0.5,0.5,0.0,0.0,0.3,6.3,2019-01-01 05:26:41+05:30,4
192,692,1,2018-12-31 23:52:01,2019-01-01 00:03:37,3,1.1,1,N,68,50,2,8.5,0.5,0.5,0.0,0.0,0.3,9.8,2019-01-01 05:33:37+05:30,11
193,693,2,2018-12-31 23:52:00,2019-01-01 00:06:03,2,3.04,1,N,211,137,1,13.5,0.5,0.5,3.7,0.0,0.3,18.5,2019-01-01 05:36:03+05:30,14
194,694,2,2018-12-31 23:51:58,2019-01-01 00:00:35,1,1.45,1,N,164,79,1,7.5,0.5,0.5,1.5,0.0,0.3,10.3,2019-01-01 05:30:35+05:30,8
195,695,2,2018-12-31 23:51:58,2019-01-01 00:06:30,1,4.24,1,N,66,79,1,15.0,0.5,0.5,1.0,0.0,0.3,17.3,2019-01-01 05:36:30+05:30,14
196,696,2,2018-12-31 23:51:58,2019-01-01 00:01:57,2,1.12,1,N,237,161,1,7.0,0.5,0.5,1.66,0.0,0.3,9.96,2019-01-01 05:31:57+05:30,9
197,697,2,2018-12-31 23:51:55,2018-12-31 23:57:16,6,1.11,1,N,143,48,1,6.0,0.5,0.5,1.46,0.0,0.3,8.76,2019-01-01 05:27:16+05:30,5
198,698,4,2018-12-31 23:51:53,2018-12-31 23:57:18,1,0.86,1,N,114,79,2,5.5,0.5,0.5,0.0,0.0,0.3,6.8,2019-01-01 05:27:18+05:30,5
199,699,2,2018-12-31 23:51:52,2018-12-31 23:55:51,1,0.94,1,N,236,141,2,5.5,0.5,0.5,0.0,0.0,0.3,6.8,2019-01-01 05:25:51+05:30,3
200,700,1,2018-12-31 23:51:52,2019-01-01 00:27:30,1,10.3,1,N,48,70,1,34.5,0.5,0.5,3.0,5.76,0.3,44.56,2019-01-01 05:57:30+05:30,35
201,701,2,2018-12-31 23:51:52,2018-12-31 23:58:58,1,0.53,1,N,234,234,1,6.0,0.5,0.5,1.82,0.0,0.3,9.12,2019-01-01 05:28:58+05:30,7
202,702,2,2018-12-31 23:51:51,2019-01-01 00:00:39,5,1.76,1,N,239,236,1,8.5,0.5,0.5,0.98,0.0,0.3,10.78,2019-01-01 05:30:39+05:30,8
203,703,2,2018-12-31 23:51:51,2018-12-31 23:57:22,1,0.88,1,N,239,238,1,6.0,0.5,0.5,1.46,0.0,0.3,8.76,2019-01-01 05:27:22+05:30,5
204,704,2,2018-12-31 23:51:50,2019-01-01 00:00:42,1,1.45,1,N,170,170,2,8.0,0.5,0.5,0.0,0.0,0.3,9.3,2019-01-01 05:30:42+05:30,8
205,705,1,2018-12-31 23:51:50,2019-01-01 00:30:34,1,18.4,2,N,132,4,2,52.0,0.0,0.5,0.0,0.0,0.3,52.8,2019-01-01 06:00:34+05:30,38
206,706,2,2018-12-31 23:51:50,2019-01-01 00:01:06,1,1.64,1,N,146,226,2,8.5,0.5,0.5,0.0,0.0,0.3,9.8,2019-01-01 05:31:06+05:30,9
207,707,2,2018-12-31 23:51:49,2019-01-01 00:01:23,1,1.41,1,N,231,148,2,8.0,0.5,0.5,0.0,0.0,0.3,9.3,2019-01-01 05:31:23+05:30,9
208,708,2,2018-12-31 23:51:49,2019-01-01 00:12:51,1,8.49,1,N,138,256,1,26.0,0.5,0.5,8.19,0.0,0.3,35.49,2019-01-01 05:42:51+05:30,21
209,709,2,2018-12-31 23:51:48,2018-12-31 23:56:31,2,1.03,1,N,68,68,1,5.5,0.5,0.5,1.36,0.0,0.3,8.16,2019-01-01 05:26:31+05:30,4
210,710,1,2018-12-31 23:51:48,2019-01-01 00:29:18,2,12.8,1,N,132,188,1,40.5,0.5,0.5,8.35,0.0,0.3,50.15,2019-01-01 05:59:18+05:30,37
211,711,2,2018-12-31 23:51:48,2018-12-31 23:56:03,1,1.02,1,N,48,142,1,5.5,0.5,0.5,1.0,0.0,0.3,7.8,2019-01-01 05:26:03+05:30,4
212,712,2,2018-12-31 23:51:47,2018-12-31 23:54:57,1,0.45,1,N,114,79,2,4.0,0.5,0.5,0.0,0.0,0.3,5.3,2019-01-01 05:24:57+05:30,3
213,713,2,2018-12-31 23:51:47,2019-01-01 00:19:31,4,13.05,5,N,132,265,2,75.0,0.0,0.0,0.0,0.0,0.3,75.3,2019-01-01 05:49:31+05:30,27
214,714,2,2018-12-31 23:51:45,2018-12-31 23:59:13,4,1.2,1,N,261,45,2,7.0,0.5,0.5,0.0,0.0,0.3,8.3,2019-01-01 05:29:13+05:30,7
215,715,1,2018-12-31 23:51:45,2019-01-01 00:27:27,2,20.4,2,N,132,239,1,52.0,0.0,0.5,14.6,5.76,0.3,73.16,2019-01-01 05:57:27+05:30,35
216,716,1,2018-12-31 23:51:45,2018-12-31 23:57:31,1,1.1,1,N,79,148,2,6.0,0.5,0.5,0.0,0.0,0.3,7.3,2019-01-01 05:27:31+05:30,5
217,717,2,2018-12-31 23:51:44,2019-01-01 00:00:25,1,1.28,1,N,234,79,2,7.5,0.5,0.5,0.0,0.0,0.3,8.8,2019-01-01 05:30:25+05:30,8
218,718,1,2018-12-31 23:51:44,2019-01-01 00:03:44,1,1.9,1,N,68,233,1,9.5,0.5,0.5,3.2,0.0,0.3,14.0,2019-01-01 05:33:44+05:30,12
219,719,2,2018-12-31 23:51:44,2019-01-01 00:01:41,5,2.17,1,N,163,262,1,9.0,0.5,0.5,1.8,0.0,0.3,12.1,2019-01-01 05:31:41+05:30,9
220,720,1,2018-12-31 23:51:44,2019-01-01 00:05:24,1,7.7,1,N,238,220,1,22.5,0.5,0.5,4.36,5.28,0.3,33.44,2019-01-01 05:35:24+05:30,13
221,721,2,2018-12-31 23:51:44,2018-12-31 23:58:13,1,1.29,1,N,42,41,2,7.0,0.5,0.5,0.0,0.0,0.3,8.3,2019-01-01 05:28:13+05:30,6
222,722,2,2018-12-31 23:51:43,2019-01-01 00:27:36,1,21.59,2,N,132,142,1,52.0,0.0,0.5,7.0,5.76,0.3,65.56,2019-01-01 05:57:36+05:30,35
223,723,2,2018-12-31 23:51:43,2019-01-01 00:20:59,1,11.52,1,N,132,188,2,34.5,0.5,0.5,0.0,0.0,0.3,35.8,2019-01-01 05:50:59+05:30,29
224,724,2,2018-12-31 23:51:42,2019-01-01 00:12:50,1,5.16,1,N,234,226,1,18.5,0.5,0.5,4.95,0.0,0.3,24.75,2019-01-01 05:42:50+05:30,21
225,725,2,2018-12-31 23:51:41,2018-12-31 23:55:22,1,0.56,1,N,79,107,2,4.5,0.5,0.5,0.0,0.0,0.3,5.8,2019-01-01 05:25:22+05:30,3
226,726,2,2018-12-31 23:51:41,2019-01-01 00:01:11,1,0.96,1,N,48,68,1,7.5,0.5,0.5,1.32,0.0,0.3,10.12,2019-01-01 05:31:11+05:30,9
227,727,1,2018-12-31 23:51:41,2019-01-01 00:08:18,1,1.3,1,N,137,186,1,11.0,0.5,0.5,0.0,0.0,0.3,12.3,2019-01-01 05:38:18+05:30,16
228,728,2,2018-12-31 23:51:41,2019-01-01 00:10:29,1,6.61,1,N,48,74,2,21.0,0.5,0.5,0.0,0.0,0.3,22.3,2019-01-01 05:40:29+05:30,18
229,729,2,2018-12-31 23:51:41,2019-01-01 00:24:15,1,19.79,1,N,132,181,1,54.0,0.5,0.5,13.82,0.0,0.3,69.12,2019-01-01 05:54:15+05:30,32
230,730,2,2018-12-31 23:51:39,2019-01-01 00:09:44,1,1.06,1,N,100,170,1,11.5,0.5,0.5,2.56,0.0,0.3,15.36,2019-01-01 05:39:44+05:30,18
231,731,1,2018-12-31 23:51:38,2018-12-31 23:56:41,2,0.9,1,N,148,232,2,5.5,0.5,0.5,0.0,0.0,0.3,6.8,2019-01-01 05:26:41+05:30,5
232,732,2,2018-12-31 23:51:38,2018-12-31 23:58:09,5,0.92,1,N,249,79,2,6.0,0.5,0.5,0.0,0.0,0.3,7.3,2019-01-01 05:28:09+05:30,6
233,733,2,2018-12-31 23:51:37,2018-12-31 23:59:57,3,1.14,1,N,211,90,1,7.0,0.5,0.5,1.66,0.0,0.3,9.96,2019-01-01 05:29:57+05:30,8
234,734,1,2018-12-31 23:51:37,2019-01-01 00:02:46,1,2.5,1,N,144,261,1,11.0,0.5,0.5,2.45,0.0,0.3,14.75,2019-01-01 05:32:46+05:30,11
235,735,2,2018-12-31 23:51:36,2018-12-31 23:52:25,2,0.13,1,N,170,170,2,2.5,0.5,0.5,0.0,0.0,0.3,3.8,2019-01-01 05:22:25+05:30,0
236,736,2,2018-12-31 23:51:35,2018-12-31 23:58:32,6,1.37,1,N,97,190,2,7.0,0.5,0.5,0.0,0.0,0.3,8.3,2019-01-01 05:28:32+05:30,6
237,737,2,2018-12-31 23:51:35,2018-12-31 23:54:07,2,0.68,1,N,238,151,1,4.0,0.5,0.5,1.06,0.0,0.3,6.36,2019-01-01 05:24:07+05:30,2
238,738,1,2018-12-31 23:51:33,2019-01-01 00:18:58,1,18.7,2,N,132,263,1,52.0,0.0,0.5,11.7,5.76,0.3,70.26,2019-01-01 05:48:58+05:30,27
239,739,2,2018-12-31 23:51:33,2019-01-01 00:31:52,1,18.45,2,N,132,68,1,52.0,0.0,0.5,13.0,5.76,0.3,71.56,2019-01-01 06:01:52+05:30,40
240,740,2,2018-12-31 23:51:33,2019-01-01 00:01:49,1,5.29,1,N,132,203,2,16.5,0.5,0.5,0.0,0.0,0.3,17.8,2019-01-01 05:31:49+05:30,10
241,741,1,2018-12-31 23:51:33,2018-12-31 23:58:12,1,1.8,1,N,146,7,2,7.5,0.5,0.5,0.0,0.0,0.3,8.8,2019-01-01 05:28:12+05:30,6
242,742,2,2018-12-31 23:51:33,2019-01-01 00:17:14,1,14.64,1,N,138,101,1,41.0,0.5,0.5,8.46,0.0,0.3,50.76,2019-01-01 05:47:14+05:30,25
243,743,2,2018-12-31 23:51:32,2019-01-01 00:02:42,1,0.91,1,N,186,164,2,8.5,0.5,0.5,0.0,0.0,0.3,9.8,2019-01-01 05:32:42+05:30,11
244,744,2,2018-12-31 23:51:31,2019-01-01 00:09:33,1,5.0,1,N,238,246,1,18.0,0.5,0.5,3.86,0.0,0.3,23.16,2019-01-01 05:39:33+05:30,18
245,745,2,2018-12-31 23:51:31,2018-12-31 23:58:16,1,1.3,1,N,79,4,2,7.0,0.5,0.5,0.0,0.0,0.3,8.3,2019-01-01 05:28:16+05:30,6
246,746,2,2018-12-31 23:51:31,2018-12-31 23:54:57,3,0.53,1,N,75,264,2,4.5,0.5,0.5,0.0,0.0,0.3,5.8,2019-01-01 05:24:57+05:30,3
247,747,2,2018-12-31 23:51:30,2018-12-31 23:55:45,1,1.05,1,N,237,236,1,5.5,0.5,0.5,1.02,0.0,0.3,7.82,2019-01-01 05:25:45+05:30,4
248,748,2,2018-12-31 23:51:29,2019-01-01 00:06:52,1,2.22,1,N,264,264,1,12.0,0.5,0.5,3.99,0.0,0.3,17.29,2019-01-01 05:36:52+05:30,15
249,749,2,2018-12-31 23:51:28,2019-01-01 00:00:25,1,2.61,1,N,41,43,1,10.0,0.5,0.5,2.26,0.0,0.3,13.56,2019-01-01 05:30:25+05:30,8
